Timestamp,Email Address,College Name:,Team Name:,Team Size:,Domain:,Team Leader's Name:,WhatsApp Number:,Email ID:,Team Member 2 Name:,Team Member 2 WhatsApp Number:,Team Member 2 Email ID:,Team Member 2 College Name:,Team Member 3 Name:,Team Member 3 WhatsApp Number:,Team Member 3 Email ID:,Team Member 3 College Name:,Team Member 4 Name:,Team Member 4 WhatsApp Number:,Team Members 4 Email ID:,Team Member 4 College Name:,Upload File Max 10MB,Transaction/UTR Number:,"Payment Screenshot
Upload Screenshot where UTR/Transaction ID are Clearly Visible"
9/8/2026 12:59:34,dishamhegde@gmail.com,Global Academy of Technology ,TechNova ,4,,Eshani K,8147442082,eshanik86@gmail.com,Disha M Hegde,9741051506,dishamhegde@gmail.com,Global Academy of Technology ,Ananya S R ,8904726034,ananyasr820@gmail.com,Global Academy of Technology ,G S Bhavana Patil ,9972436726,bhavanapatil285@gmail.com ,Global Academy of Technology ,https://drive.google.com/open?id=1myUxg4EHxjKI1ak6xvn4WWKlgxDrALOi,9741051506,https://drive.google.com/open?id=1VDxEG_AzfwlolJ5LMnmiUWHcONzrCG7q
9/11/2026 10:50:14,kishoreskumar30@gmail.com,GLOBAL ACADEMY OF TECHNOLOGY ,TEAM HADES,4,,L SAMUEL DANIEL ,7204568260,samueldaniel4487@gmail.com,KISHORE KUMAR S ,9611335595,kishoreskumar30@gmail.com,GLOBAL ACADEMY OF TECHNOLOGY ,JAYANTH H,9845871267,jayanthh5337@gmail.com,GLOBAL ACADEMY OF TECHNOLOGY ,ANEESH MURALI,7353255511,aneeshmurali1315@gmail.com,GLOBAL ACADEMY OF TECHNOLOGY ,https://drive.google.com/open?id=1VJcWCUx1kFYOxB1kMouWBg9CxPV3jp0Z,594911771311,https://drive.google.com/open?id=1smwlD-xO98xm2vZoX8rZ7bXEHWfLPQO1
9/15/2026 18:41:08,tanishajayakumar.k@gmail.com,Global academy of technology ,Nexora,4,Software & Web Development,Rashmi N K ,7204321223,rashmink315@gmail.com,Tanisha K Jayakumar ,9886831080,tanishajayakumar.k@gmail.com,Global academy of technology ,Soniya ,7676638081,soniyakharatmal@gmail.com,Global academy of technology ,Raj Kunika,9810804879,rkunika2052@gmail.com,Global Academy of Technology ,https://drive.google.com/open?id=12mde8DX2S5nygMFO54HAZpFfMxJKfwwO,479155511867,https://drive.google.com/open?id=1RggcjkqwUgEocq4_MlDDB_sSzEC7p9TC
9/15/2026 20:26:39,bhoomikamanjunath8769@gmail.com,K S institute of technology ,CodeNova,4,Artificial Intelligence (AI) & Machine Learning (ML),Bhoomika,9108904497,bhoomikamanjunath8769@gmail.com,Amulya,9481202928,amulyav304@gmail.com,K S institute of technology ,Khushi ,8310859123,Khushi.mp2015@gmail.com,K S institute of technology ,Jeevitha,8088078091,jeevithaapgowda@gmail.com,K S institute of technology ,https://drive.google.com/open?id=19Wbux0NeB641t-toqr7-QkcAM-nIZ2Av,129669383188,https://drive.google.com/open?id=10ujw8nJXivmSMd792RquCcUHLa1GY5fL
9/15/2026 22:01:46,sadhvigowdabdvt@gmail.com,Global academy of Technology ,Tech for good,4,Software & Web Development,Prakruti M Gujamagadi,8050830771,gujamagadiprakruti@gmail.com,Vandana A Talabal,8861157668,vandanaatalabal@gmail.com,Global Academy of Technology ,Sadhvi G Gowda,9036455580,sadhvigowdabdvt@gmail.com,Global Academy of Technology ,Rohini K,9632763713,rohinidas9632@gmail.com,Global academy of Technology ,https://drive.google.com/open?id=1rDMv7A99_cjMekqaw72ERGFDEq5e2Ymn,078938512702,https://drive.google.com/open?id=1DNwnzySXqb8edcAVsC4pT_716F57c1sc
9/16/2026 8:16:11,laharidn02@gmail.com,Global achedemy of technology ,CodeVerse,4,Software & Web Development,Lahari D N ,9945204350,laharidn02@gmail.com,B R Nikita,7483732029,brnikita21@gmail.com,Global achedemy of technology ,Apeksha N,7411278225,apekshangowda05@gmail.com,Global achedemy of technology ,Maanya G,8618144663,maanyaachar123@gmail.com,Global achedemy of technology ,https://drive.google.com/open?id=1XOfOxtJCwr24xTV8R1goaTjW-04UfVqw,9945204350@fam,https://drive.google.com/open?id=1_Ra9VhxB3Lcrlu2FkExxAKjVaOpe88Uo
9/16/2026 11:40:41,rhemachandra24cs@rnsit.ac.in,RNSIT,Ultramarines,4,Software & Web Development,Rekhita,9980534098,rekhithar24cs@rnsit.ac.in,Hemachandra,8217467053,rhemachandra24cs@rnsit.ac.in,RNSIT,Ranjitha N,,ranjithan@rnsit.ac.in,RNSIT,Sathwik MD,7022627111,sathwikmd24cs@rnsit.ac.in,RNSIT,https://drive.google.com/open?id=1DurpwkPCIddUEKtPCW7v984ucnUTdh9b,554606632761,https://drive.google.com/open?id=1pmhY72cOGwyyhTYL1q2UJLrUFnrLafRf
9/21/2026 18:56:39,sanikadk29@gmail.com,Malnad college of engineering ,CodePulse,4,Artificial Intelligence (AI) & Machine Learning (ML),Lakshmi R,8147244541,sahanasahana87616@gmail.com,Sanika D K,7892788390,sanikadk29@gmail.com ,Malnad college of engineering ,Yukta S Murthy,8310804300,yuktamurthy216@gmail.com,Malnad college of engineering ,Pooja M R,9187009348,poojamrckm2007@gmail.com,Malnad college of engineering ,https://drive.google.com/open?id=19AwXm-yn4HgZuQ8AauBmMqfH5d59uEZd,931159582237,https://drive.google.com/open?id=1qd4Nw3GPRRRn-QKKKVGG5fM23nzwrwnF
9/21/2026 20:14:51,prajwaljagadeesh1234@gmail.com,Global Academy of Technology,Syntax terror,3,Software & Web Development,Prajwal Jagadeesh,9844703115,Prajwaljagadeesh1234@gmail.com,Divya HS,9901339418,Divya.hs.2828@gmail.com,Global Academy of Technology ,Sree Varshini K Achar,9632972442,,,,,,,https://drive.google.com/open?id=18WCBmp8uyXrEUPT3eksF9RPF9iQdUcej,626468060236,https://drive.google.com/open?id=1mS-KKQ69EIc879QlAE5DVe5OHhDy46D3
9/22/2026 10:14:12,mallikarjungabbur467@gmail.com,Global academy of technology Banglore ,Apex,4,Software & Web Development,Mallikarjun ,6360554145,mallikarjungabbur467@gmail.com,Chetan Kumar ,7348939691,Kolkarmohan07@gmail.com,Global academy of technology Banglore ,Pranav kadi,9187631302,pranavkadi69@gmail.com,Global academy of technology Banglore,Nirupadi,6360953238,nirupadinayak2774@gmail.com,Global academy of technology Banglore ,https://drive.google.com/open?id=110KQFSB63XFOKvvkIv4Zw-UXZu2wzmTL,315248013933,https://drive.google.com/open?id=1EYLbARqzmvW4NPQrukLWgUop22JqJwlY
9/22/2026 10:24:34,ganavikl612@gmail.com,Global academy of technology ,AI AVENGERS,4,Artificial Intelligence (AI) & Machine Learning (ML),Inchara M,7899668149,incharam147@gmail.com,Bhavana N,9483197474,bhavanan0206@gmail.com,GLOBAL ACADEMY OF TECHNOLOGY ,Darshini PJ,8884609486,darshinipj14@gmail.com ,Global academy of technology ,Ganavi K l,7975881076,ganavikl612@gmail.com,Global academy of technology ,https://drive.google.com/open?id=1_kqiN42E3rJXx6USRJQKIBMHpkqh0l9Z,610811815471,https://drive.google.com/open?id=1ZVm03LbTMXWWTl3amx9BYyx9HAV10zTn
9/22/2026 10:31:42,mahanteshyelgar@gmail.com,Global academy of technology ,Team 404 error,4,Artificial Intelligence (AI) & Machine Learning (ML),Mahantesh ,9900599981,mahanteshyelgar@gmail.com,Balaraj M M,7676283069,balarajmalagoudanavar80@gmail.com,Global academy of technology ,Vishwanath ,8618991072,vishwanathkarni@gmail.com,Global academy of technology ,Pavan T,9632656833,pavanreddyt27@gmail.com,Global academy of technology ,https://drive.google.com/open?id=1kR7KDBqLGpA9HKrr57rU2SsHon9nu0Z2,214652700180,https://drive.google.com/open?id=1e4VEn1z5ZbMmXgFf6WTjjev4WqKEN3Jj
9/22/2026 11:23:52,anjaneyamb59@gmail.com,Global academy of technology,Team Titans,4,Artificial Intelligence (AI) & Machine Learning (ML),Sahil,8073820019,md9068403@gmail.com,Zahid pm,8904372169,Zahidmastan43@gmail.com,GAT,Anjaneya m b,9686640158,anjaneyamb59@gmail.com,GAT,Md imran shsik,8861861876,smdimran128@gmail.com,Global academy of technology,https://drive.google.com/open?id=1w6GK0XOw8YCFIIee8JXWzxW75yB4mxqz,626573862933,https://drive.google.com/open?id=112TaTqlugZ406tnEzv0BVfe9rWxgLB9z
9/22/2026 19:46:37,harshithasindhe8@gmail.com,Global academy of technology,CodeX,4,Software & Web Development,Adarsh V Egappanavar,9739334575,adarshraksh2007@gmail.com,Varun kumar S,7022628342,varunvarunkumar109811@gamil.com,Global academy of technology ,Prakruthi gowda ,6366336355,prakruthigowda0062@gmail.com,Global academy of technology ,Harshitha M,8088440369,harshithasindhe8@gmail.com,Global academy of technology ,https://drive.google.com/open?id=16cM1jZsBncKylddyStYOwVX21b5viwMP,503801863725,https://drive.google.com/open?id=1iazs-JyJAesTbgDHjer-4_JUcAH6QbOp
9/22/2026 21:25:31,mamatha.chandra0608@gmail.com,Global Academy of Technology ,Bug Busters,2,Artificial Intelligence (AI) & Machine Learning (ML),Impana C ,6362039833,impana26052006@gmail.com,Harshitha N,9481305496,harshithangowdaharshi740@gmail.com,Global Academy of Technology ,bhuvan a r,8317462097,bhuvan.ar0101@gmail.com,gat,,,,,https://drive.google.com/open?id=14GnduTOsPBrNLNaIgfdT6sjCxwtv_T2L,716752641571,https://drive.google.com/open?id=1LHYSf4ylvlLcniph1kpnY2_4705gOjl6
9/23/2026 13:40:50,adityachincholikar21@gmail.com,Global academy of technology ,Code storm,4,Artificial Intelligence (AI) & Machine Learning (ML),Aditya Chincholikar ,9108833141,Adityachincholikar21@gmail.com,Milan v,9880214975,Milanvnaidu@gmail.com ,Global academy of technology ,Naveena kanankananwar,7204163735,Naveenkanakan@gmail.com,Global academy of technology,Suhas patil,8217686829,Suhaspatil@gmail.com,Global academy of technology,https://drive.google.com/open?id=1A4dBnmU--8DlaMg-6SJmHUIWcjFNN-iI,902951283137,https://drive.google.com/open?id=1E8_chYIGOd0wJk97YlIEZuS1ggW2lVTH
9/23/2026 13:44:07,harshamgowda28@gmail.com,Global Academy of Technology,CODE24,4,Software & Web Development,M HARSHAVARDHANA,9741328124,harshamgowda28@gmail.com,AKSHAY MK,9686439910,akshay36309@gmail.com,Global Academy of Technology,BHUVAN M,7975530277,bhuvan87541@gmail.com,Global Academy of Technology,BHARATH MN,7022277111,bharathmn006@gmail.com,Global Academy of Technology,https://drive.google.com/open?id=15d8X6V3E0V1LNSvWoor8yDfjBcfY1PkT,337712215958,https://drive.google.com/open?id=1j2Ia6XbZSelUz8hVvRWDrx_4ndTaPyJ6
9/23/2026 22:10:43,jagannathnayak865@gmail.com,K S Institute of Technology ,Unpaid Labors,4,Artificial Intelligence (AI) & Machine Learning (ML),Jagannath Nayak,6291884501,jagannathnayak865@gmail.com,Vaishnavi Pranesh,9632838533,vaishnavi.pran@gmail.com,k S Institute of Technology ,Ranjitha Shetty ,9148378769,ranjithasshetty32@gmail.com,k S Institute of Technology ,Anvith C D,9731948188,anvithcd_csd@ksit.edu.in,k S Institute of Technology ,https://drive.google.com/open?id=1y0Jqq7orqodzuRHB9b-P6fTTysLMSFGM,663281736889,https://drive.google.com/open?id=1Z7L0xx9XECMoOtvFs6mWiEBmosDUqSrp
9/23/2026 22:33:48,pavangowdasv1819@gmail.com,BGS College of Engineering and Technology (BGSCET),TECHDOT.x,4,Software & Web Development,PAVAN GOWDA S V,7760642360,pavangowdasv1819@gmail.com,Roshni ,9008762605,roshnimgowda777@gmail.com,BGS College of Engineering and Technology (BGSCET),Likith V,9108341208,likithvgowda9656@gmail.com,BGS College of Engineering and Technology (BGSCET),SHREYA M R,7795190807,shreyadotme@gmail.com,BGS College of Engineering and Technology (BGSCET) ,https://drive.google.com/open?id=1mU42En7P__4TnWO-U3mIhCrDE9Lc44ZE,083127574771,https://drive.google.com/open?id=1vPr0bxBrfOO9VwGGXyQ33Uz4GBiC_Jcs
9/23/2026 23:01:27,aditigirish123@gmail.com,RNSIT and KSIT,TechFusion,4,Software & Web Development,Aditi G,9108808239,aditigirish123@gmail.com,Anusha V,8217568843,anusha28rev@gmail.com,KSIT,Anvitha T A,9482799166,anvithata21@gmail.com,KSIT,Ananya Paniraj,9632048649,ananyapaniraj7@gmail.com,RNSIT,https://drive.google.com/open?id=1sbHkRtZhB_qixw6DlY0xA-HHIwE4YrXI,999526440554,https://drive.google.com/open?id=1laHqj4nz5bFvU15msM0vvS7XTSgYhD8c
9/24/2026 15:00:22,jalajkrishna23@gmail.com,Rajarajeswari College of Engineering,Binary Builders,4,Artificial Intelligence (AI) & Machine Learning (ML),Jalaj Krishna B S,9886856266,jalajkrishna23@gmail.com,Navin A,8310437988,navinnavin0603@gmail.com,Rajarajeswari College of Engineering,Shravan M,9845705785,mshravan1285@gmail.com,Rajarajeswari College of Engineering,Purushotham S,9108102534,krishnansh2220@gmail.com,Rajarajeswari College of Engineering,https://drive.google.com/open?id=1dkZImn0MIrVHhdmDb6zdjkswiEdckag_,145719616819,https://drive.google.com/open?id=1tml6fYU9IPa5WRkrV-HZ6d0wDvDr7Eu4
9/24/2026 16:23:56,67ayeshakhanam76@gmail.com,Global Academy of Technology,NorWare,4,Software & Web Development,Ayesha Khanam,9256861207,67ayeshakhanam76@gmail.com,Amisha Lal,7974975598,lalamisha16@gmail.com,Global Academy of Technology,Vishaka Sharma,8409843579,sharmavishakha641@gmail.com,Global Academy of Technology,Palak Singh,9301038226,palakrules1@gmail.com,Global Academy of Technology,https://drive.google.com/open?id=1Uu6EfzirKInTymehXJ2eJtQeU8xpZ-Ow,626712771834,https://drive.google.com/open?id=1uh_KqGoPNF4ZEy_mc2vDYQHNW4hLeDtw
9/24/2026 16:53:45,amoghadhyapak7@gmail.com,Sapthagiri nps university ,Tech mates ,4,Software & Web Development,Amogh P Adhyapak ,7348913860,amoghadhyapak7@gmail.com,Ramesh K ,9900576417,rameshkkori0304@gmail.com,Sapthagiri nps university ,Adithya M V,9611222224,adithya.virupakshi@gmail.com,Sapthagiri nps university ,Alok prajapati ,7795363876,alokprajapati8004@gmail.com,Sapthagiri nps university ,https://drive.google.com/open?id=1k7DfzC-lgQGND4oGZzEG1tsLXnxRm__L,130163030592,https://drive.google.com/open?id=1AzsSxVQC9KkZkB-3h9bPrzCdmxTFRttZ
9/24/2026 17:07:26,amaanjsha@gmail.com,SAPTHAGIRI NPS UNIVERSITY ,TECH WARRIORS,4,Software & Web Development,AMAAN J SHA ,9632958113,amaanjsha@gmail.com,ULLAS TG,8792293278,ullastg005@gmail.com,SAPTHAGIRI NPS UNIVERSITY ,RAVINA D,7019300338,ravina.chowdhary2@gmail.com,SAPTHAGIRI NPS UNIVERSITY ,RAKSHITHA J,9035579111,rakshithaj165@gmail.com,SAPTHAGIRI NPS UNIVERSITY ,https://drive.google.com/open?id=1m59mqn4PV3Fx5xwKicVq5BtD5cyZaWxS,T2609241704563244263346,https://drive.google.com/open?id=1phVmbHUwfWpaDQNMZayBMb2i1-somvKj
9/24/2026 20:01:46,24pranav2006@gmail.com,Dayananda sagar academy of technology and management ,Hackive,4,Software & Web Development,Pranav Srikanth ,6360948468,Pranavs2406@gmail.com,Poorvitha Srinivas ,7204557098,poorvithasrinivas1711@gmail.com,Dayananda sagar academy of technology and ,Rachan kumar C P,7204596872,chettimadarachankumar@gmail.com,Dayananda sagar academy of technology and management ,Prithvinath A,7829021050,with.prithvinath15@gmail.com,Dayananda sagar academy of technology and management ,https://drive.google.com/open?id=1fmE4jZ0prBp6iNo0FeXtSHAYJ1C780B1,626722323746,https://drive.google.com/open?id=1eEkwQUrbmqEkGOBHOw9pTZXwupMUMjUp
9/24/2026 21:12:19,chinmayi.cks@gmail.com,K S Institute of Technology ,Hackora,4,Cybersecurity,Chinmayi K S,8217783429,chinmayi.cks@gmail.com,Chandana L,9606261619,chandanalokesha.l2007@gmail.com,K S Institute of Technology ,S Gowthami ,9611879354,sgowthami0407@gmail.com,K S Institute of Technology ,Rachana A,8904043656,rachu.anil15@gmail.com,K S Institute of Technology ,https://drive.google.com/open?id=1u9tj9-SWdWUiJzKr3RGuIkGDq2w4g7yq,T2609242107489559295575,https://drive.google.com/open?id=1Axd2buzcFYdGedsL9meVXdBejrQoBDAp
9/24/2026 21:34:19,saanvikm176@gmail.com,BGS College of Engineering and Technology,AIgnite,4,Software & Web Development,Vedanta,9844545145,vedantajanadri@gmail.com,Sandeep Brahammaling Hagarannavar ,7975959188,sandeephagarannavara@gmail.com,BGS College of Engineering and Technology,Saanvi K M,9036717423,saanvikm176@gmail.com,BGS College of Engineering and Technology,Nismita Rajani Patel ,7676842193,nismita1502@gmail.com,BGS College of Engineering and Technology,https://drive.google.com/open?id=1R2MyYGdIWjPUtzRNQwDbgBeD3cz-t53H,896205807089,https://drive.google.com/open?id=1wwqEuG2hZvIe3r-UKNURcg_gm1jloaFh
9/24/2026 22:00:50,sumeetnaik2005@gmail.com,BGSCET,Pixel Minds,4,Software & Web Development,Abhishek,9980791308,abhishekek98@gmail.com,Shivaprasad,9741236669,shivatarapur333@gmail.com,BGSCET,Sumeet Naik,9741684007,sumeetnaik2005@gmail.com,Presidency University,Santosh Khaddanavar,8861492584,santoshkhaddanavar05@gmail.com,City Engineering College,https://drive.google.com/open?id=1tbjRmtPdtFFB2gP5G6KJ5HGvc1eADEdd,395689263389,https://drive.google.com/open?id=1MNEGOrOLHxR8PmPVFEAOX9DCKN15cB2c
9/25/2026 11:15:40,smmohan107@gmail.com,Malnad College of Engineering Hassan,OUTLIER,4,Software & Web Development,Meghavathi,9380224283,meghushetty555@gmail.com,Mohan D,9113667204,smmohan107@gmail.com,malnad college of engineering ,Jeevika Vinod,7892126238,jeevikavinod18@gmail.com,malnad college of engineering ,Jaswith D,6360503376,jaswithdjaswith@gmail.com,malnad college of engineering,https://drive.google.com/open?id=1cuPXGgJgf6UZOZdCbYVpMQawo1X38G9e,544191388752,https://drive.google.com/open?id=1pBFUI40TYbXzt1S9cVUVqPtThpgnVmHG
9/25/2026 13:40:53,preetam.capitol@gmail.com,Global academy of technology ,Ayyo engineering,4,Artificial Intelligence (AI) & Machine Learning (ML),Preetam P Pasarad ,7022156196,preetam.capitol@gmail.com,Aditya Lakshmana ,9008422130,Adityalakshmana31@gmail.com,Global academy of technology ,Mithun B ,8660828920,mithunb1147@gmail.com,Global academy of technology ,Mohith s,8867543383,mohithplayz2007@gmail.com,Global academy of technology ,https://drive.google.com/open?id=1i4Q3mSPG2YXYZeVmBNQN35rKeaxUlTOF,T2609251323127493840010,https://drive.google.com/open?id=1o29YT1QOsOeEltoOgKSHnMFLugyCKlMi
9/25/2026 13:50:40,pruthvikgowdajn28@gmail.com,Global academy of technology ,ByteForge,4,Cybersecurity,PRUTHVIK,6361475361,pruthvikgowdajn28@gmail.com,Sankalp ,7760092577,Sankalpgaming4@gmail.com,Global academy of technology ,Unnathi ,6363012266,unnathidanappa@gmail.com,Global academy of technology ,Namratha,9741232867,namrathasonu28@gmail.com,Global academy of technology ,https://drive.google.com/open?id=1vUufOscq2rlGe1QJ3bQkPg_g9R_B8zsP,T2609251347356037405838,https://drive.google.com/open?id=1o-L_eAp-eD8wIs7UQts5cQ7-Bje5VsAd
9/25/2026 19:10:56,shanmukhakabbinagadde@gmail.com,PES University,Fluxwave,4,Software & Web Development,Shanmukha Ishwar Bhat,8217393781,itsshannu.io@gmail.com,K N Keerti,9483937973,keertihegde027@gmail.com,PES University,Bhavyashree Suresh Hegde,8762687566,bhavyashreehegde0@gmail.com,PES University,Shashidara H N,9482870738,shashigowda1567@gmail.com,PES university,https://drive.google.com/open?id=1tlU84RDHPp0R2u9zUHOw4RNWfqDIVDuN,663440609236,https://drive.google.com/open?id=1dQK_cXDOXoBfZyChn1Ot1dr88fCQ3gEY
9/25/2026 20:20:25,gayathriravi218@gmail.com,Global Academy of Technology,Neural Nexus,3,Artificial Intelligence (AI) & Machine Learning (ML),GAYATHRI R,8088592623,gayathriravi218@gmail.com,GAGANA R,9740423334,gagana9993@gmail.com,Global Academy of Technology,BINDU G,8618813780,br6063272@gmail.com,Global Academy of Technology,,,,,https://drive.google.com/open?id=1S5-8ho2tB4fxxwBRKAqg9vMlUbLyLjg1,130228065185,https://drive.google.com/open?id=1loLT8XxKvzw3e-7enx_iSxVpg4mPO-Lw
9/25/2026 21:00:16,dishankbs04@gmail.com,Jyothy institute of technology ,Infinity ,4,Software & Web Development,Dishank BS,7337852332,dishankbs04@gmail.com,Hitesh AV,8105046331,hiteshav2006@gmail.com,Jyothy institute of technology ,Chinmai SV ,7338528764,1jt24cs032@jyothyit.ac.in,Jyothy institute of technology ,Manisha P,7899623452,manishagowda107@gmail.com,Jyothy institute of technology ,https://drive.google.com/open?id=1jbR53KKaYJB9RkmrQKrEbIGR5eVOVvnm,663431602949,https://drive.google.com/open?id=1K-eX5qqbZ_SlzyuVWElIEGKLVsNVjWc4
9/25/2026 22:03:02,anish.ns.2703@gmail.com,"Global Academy of Technology, RNS Institute of Technology",ProtocolX,4,Artificial Intelligence (AI) & Machine Learning (ML),Samarth R Bharadwaj,8147529546,samarthrb1708@gmail.com,Anish N,9380502703,anish.ns.2703@gmail.com,"RNS Institute of Technology, Bangalore",Manyu Kulkarni,9036677979,manyukulkarni@gmail.com,"Global Academy of Technology, Bangalore",Arnav Rao,8050026489,arnavrao23@gmail.com,"Global Academy of Technology, Bangalore",https://drive.google.com/open?id=1Mkt-N9bEdLjyMmOaJKD3ukz_xe3qjZt4,161321844052,https://drive.google.com/open?id=18sAB3FS_KpDyqPz3MwJ2wZc8r9VmnFhc
9/25/2026 22:27:36,arjunkumar13251325@gmail.com,Global academy of technology ,TECHNOVERSE,4,Artificial Intelligence (AI) & Machine Learning (ML),ARJUN KUMAR AS ,6366882985,arjunkumar13251325@gmail.com ,ADITI,8904169951,samjiaditi2@gmail.com,GLOBAL ACADEMY OF TECHNOLOGY,DHAKSHASREE,9164688889,dhaksha17sree@gmail.com,GLOBAL ACADEMY OF TECHNOLOGY,JAHNAVI NANDA KUMAR ,9620549923,jahnavi.nandakumar14@gmail.com,GLOBAL ACADEMY OF TECHNOLOGY,https://drive.google.com/open?id=18_xWOX5kIlEBHPc44l-U4rhtopucas_J,663492940719,https://drive.google.com/open?id=16bApV9teIwvfrOdmSU5I0f6GShevqmaZ
9/25/2026 22:29:20,shamanthpoojary111@gmail.com,University of Visvesvaraya college of engineering ,404,4,Software & Web Development,Shamanth P ,7483380914,shamanthpoojary111@gmail.com,Shravya Ganesh Hegde,7019060916,hegdeshravya16@gmail.com,University of Visvesvaraya college of engineering ,Mohammed Nabeel Shaikh,9148256185,nabeelshaikh27@gmail.com,University of Visvesvaraya college of engineering ,Yasmeen Taj,7411936632,yasmeentaj.6042@gmail.com,University of Visvesvaraya college of engineering ,https://drive.google.com/open?id=1-52YFcbx6OML4N8VlDrpGrP094UCWjgM,T2609252219580992206712,https://drive.google.com/open?id=1G3v7BltSKaHGJzIIinm225xriK2cRTO8
9/26/2026 11:02:37,dhanushreem13062006@gmail.com,"Channabasaveshwara Institute of Technology,Gubbi",NeuroNova,4,Artificial Intelligence (AI) & Machine Learning (ML),Dhanushree M,7411151582,dhanushreem13062006@gmail.com,Chandrakala R,8431313450,chandrakalar016@gmail.com,"Channabasaveshwara Institute of Technology,gubbi",Hema,6362469465,hemu67234@gmail.com,"Channabasaveshwara Institute of Technology,gubbi",Kavya B M,8105240722,kavyakavyabm1808@gmail.com,"Channabasaveshwara Institute of Technology,gubbi",https://drive.google.com/open?id=15i-kuBC5LZvnmx_jbvUNNpMCjy0Wl4qO,363772253273,https://drive.google.com/open?id=1q8ncklTb5dsQXMkdxoQCZkwSg3A6lnmZ
9/26/2026 16:51:47,grlathika267@gmail.com,Global academy of technology ,Tandem system,4,Software & Web Development,Lathika G R ,9606947526,grlathika267@gmail.com,Manasa Satish,9036492763,manasa25718@gmail.com,Global academy of technology ,Nafisa manaal,8971696029,nafisamanaal18@gmail.com,Global academy of technology ,Prakruthi R,8660253363,prakruthir509@gmail.com ,Global academy of technology ,https://drive.google.com/open?id=1hyeTO6pXcAl9S3HNh0wsHlMC9QqzaxhZ,270043156068,https://drive.google.com/open?id=18y4qQoFtssoNwzIu6IKjmcNaHcYhUW8j
9/26/2026 18:24:10,kushalappakk30@gmail.com,Global Acedamy of Technology ,AntiMonitor,4,Artificial Intelligence (AI) & Machine Learning (ML),Kushalappa K K,9591553896,kushalappakk30@gmail.com,D V Sreenidhi,7619497772,sreenidhiforwork@gmail.com,Global Academy of Technology ,Anikethan K M,8951331990,anikethankm004@gmail.com,Global Acadmy of Technology ,J Prathyusha,7989968049,jprathyusha9888@gmail.com,Global Academy of Technology,https://drive.google.com/open?id=1ewHGbfAJE7lhDL1MHRDDao0QL234uaE1,663591786484,https://drive.google.com/open?id=1p0h8OpF4Fxtd5vMCaLAbwcmGfxMFiFrb
9/26/2026 20:27:25,dhurgeshking37@gmail.com,NANDHA ENGINEERING COLLEGE ,TITAN,4,Software & Web Development,JEEVAN PERIASAMY,9789503761,jeevan.p1511@gmail.com,DHURGESH ,8610732948,dhurgeshking37@gmail.com,NANDHA ENGINEERING COLLEGE ,ENISH,9361106720,nenish400@gmail.com  ,NANDHA ENGINEERING COLLEGE ,BAVAN ,9080455990,bavans309@gmail.com,NANDHA ENGINEERING COLLEGE ,https://drive.google.com/open?id=1fevggUwMJXDefukW8OMa6FKzPnHqQtiu,dhurgeshking37@oksbi,https://drive.google.com/open?id=11AGmQiKlZdiwh1NAUxLYhkgpahMy5Roz
9/26/2026 21:43:18,subramanyahandragal@gmail.com,Anuvartik Mirji Bharatesh Institute of Technology ,Outkasts,4,Software & Web Development,Mohammed Anas Takkewale,8861370832,anastakkewale09@gmail.com,Bushra Taimur Aga,6362701991,bushraaga85@gmail.com,Anuvartik Mirji Bharatesh Institute of Technology ,Tasfeeya Makandar,9591965209,tasfiyamakandar@gmail.com,Anuvartik Mirji Bharatesh Institute of Technology c,Shahid Mokashi ,8073624677,mokashishahid550@gmail.com,Anuvartik Mirji Bharatesh Institute of Technology ,https://drive.google.com/open?id=1ja5LABKGanR0PMgN-vd3TSyF7GesP8rE,746869591828,https://drive.google.com/open?id=1L4X_HxgLQNV0t_-3f6VmtxHw8R9Y8yD8
9/26/2026 21:55:39,dhanushopbolte@gmail.com,Anuvartik Mirji Bharatesh Institute of Technology ,CommitX,4,Software & Web Development,Shahidkhan Pathan,7019401229,shahidkhansp38@gmail.com,Sanjeevini More,8660239324,sanjeevinimoree@gmail.com,Anuvartik Mirji Bharatesh Institute of Technology ,Onais Shamsher,8095786929,onaisshamsher@gmail.com,S.G.Balekundri Institute of Technology ,Qurrat-Ul-Ain Mulla,8660587875,qurratulainm1103@gmail.com,S.G.Balekundri Institute of Technology ,https://drive.google.com/open?id=1ECV5pMz8ffydN3UxlY1rPUTDEC9gHKU-,577540802670,https://drive.google.com/open?id=1aFjXHD3FwYLdKDjbdoHylam6nGK4o2EN
9/26/2026 22:04:02,201subsbaap@gmail.com,Anuvartik Mirji Bharatesh Institute of Technology ,NexMind,4,Software & Web Development,Faizan Yallur,6364657207,faizanyallur00@gmail.com,Rihana S Sheikh,9353125012,rihanasheikh1420@gmail.com,Anuvartik Mirji Bharatesh Institute of Technology ,Zulfikar Ali Rajgoli,8867216480,zulfikarrajgoli0@gmail.com,Anuvartik Mirji Bharatesh Institute of Technology ,Sayyed Azim Attar,9071096073,azimattar6073@gmail.com,Anuvartik Mirji Bharatesh Institute of Technology ,https://drive.google.com/open?id=17VlOjjW7ocvVCfv05u1p_rDFnYyIZCDy,827050055230,https://drive.google.com/open?id=1nO9-j5o5EEQ3YCaFPc_iAQFXZ1BsmODc
9/26/2026 22:09:05,ajaygranite123@gmail.com,BGS College of Engineering and Technology,AETHERX,4,Software & Web Development,M Ajay Kumar,7996200396,ajaygranite123@gmail.com,SHUBODH T M,8088238871,shubodh906@gmail.com,BGS College of Engineering and Technology,Sanjay S,7019525919,sanjayhavoc054@gmail.com,BGS College of Engineering and Technology,Amogh Amarapur,9108955732,amoghamarapur@gmail.com,Chanakya university,https://drive.google.com/open?id=1vLwut52g7WJrwc4-85yEPJrawlnXjrkr,448993732077,https://drive.google.com/open?id=10fWUKn--rMsxJ-_QEg8y_KDV659ZZMic
9/26/2026 22:37:11,anieshaanilkumar@gmail.com,Global Academic of Technology,TechNova,4,Artificial Intelligence (AI) & Machine Learning (ML),Aniesha Anil Kumar,9886388044,anieshaanilkumar@gmail.com,Himani Hemanth Kumar,9448383098,himani.hkumar@gmail.com,Bangalore Institute of Technology,Keerthana M,7019927799,keerthanamuniraj15@gmail.com,JSS Academy Of Technical Education,Rosalynee Sahoo,8660450182,rosalyneesahoo@gmail.com,Global Academy of Technology ,https://drive.google.com/open?id=1m_1gQVGKUdmFC8u5lqxWsPvsdcupg5wm,663552531630,https://drive.google.com/open?id=1N8i7LYeQOH_Q9A1Gnh55PII1LVN8dMM0
9/26/2026 23:16:12,gbadigerr@gmail.com,Global Academy of Technology,Undercut Dev,4,Software & Web Development,Raghavendra G Badiger,7411302307,raghavendragbadiger6@gmail.com,Navaneet S Jevoor,8660145729,navaneetjevoor21@gmail.com,Global Academy of Technology,Madura B,8883690690,madura41mda@gmail.com,Global Academy of Technology,Pavan,9741401511,pbs209767@gmail.com,Global Academy of Technology,https://drive.google.com/open?id=12uGJ-G8gM-LpLAx8CixtvzptXIqoJk67,626938927582,https://drive.google.com/open?id=1gP4dbGEFq3O4PFVVaV7hIrEsZt6jMs1r
9/27/2026 2:04:31,teamzenthraofficial@gmail.com,Anuvartik Mirji Bharatesh Institute of Technology ,WebSmiths,4,Software & Web Development,Subramanya G Handragal ,8951212803,subramanyahandragal@gmail.com,Tahseen M Talikoti,8151979624,tahseentalikoti123@gmail.com,Anuvartik Mirji Bharatesh Institute of Technology ,Shifa Tambitgar ,7019251692,shifatambitgar@gmail.com,Anuvartik Mirji Bharatesh Institute of Technology ,Kaveri Balekar,7899993659,kaveribalekar773@gmail.com,Anuvartik Mirji Bharatesh Institute of Technology ,https://drive.google.com/open?id=1W6l0bfyN7-p4lwYqqOnqVcKQTf4RnzYc,322799285888,https://drive.google.com/open?id=186cDJP-iYCWNbF9t-6TTXfk-qUW3UqND
9/27/2026 11:41:30,raghavendragbadiger6@gmail.com,Global Academy of Technology,Code Nova,4,Software & Web Development,Nandini V,8152870282,nv8332329@gmail.com,Prathyusha B L,9481285608,prathyushabl06@gmail.com,Global Academy of Technology,Mayuri V Kulkarni,8277052290,mayurivkulkarni06@gmail.com,Global Academy of Technology,Preethi K V,9731993699,preethikv6699@gmail.com,Global Academy of Technology,https://drive.google.com/open?id=1Jlu2xAbN87Xuql08f2sCEraAiwa0e2Wz,626524649871,https://drive.google.com/open?id=1ug2fMRXlDQMPRdyt55Z4D8AXC-8qTQIm
9/27/2026 18:47:45,salimathashu26@gmail.com,Cambridge Institute of Technology - CIT,Team Apex,4,Software & Web Development,Shivanand Mudashi,8431324629,salimathashu26@gmail.com,Ashutosh Salimath,9901436921,ashutosh.24cse@cambridge.edu.in,Cambridge Institute of Technology ,Nrasimha A V,9900554495,narasimha.24cse@cambridge.edu.in,Cambridge Institute of Technology ,Shivakumar Meti,8050026718,shivakumarjm28@gmail.com,Cambridge Institute of Technology ,https://drive.google.com/open?id=1vf6hxxjFaay6p4M1J5evBN7dQGVij3ss,663601070286,https://drive.google.com/open?id=1R3D0W2bLtAGwxB7Tij6QOQtXYmH7JTH_
9/27/2026 20:25:59,shreepradakv@gmail.com,SAPTHAGIRI NPS UNIVERSITY,Trust Me Bro!!,4,Software & Web Development,VARSHA V,7411752543,varsha7126@gmail.com,SHASHWATH BL,9845148152,blshashwath@gmail.com,SAPTHAGIRI NPS UNIVERSITY,SHREYAS P,8073228221,shreyaspc08@gmail.com,SAPTHAGIRI NPS UNIVERSITY,SHREEPRADA KV,9380028972,shreepradakv@gmail.com,SAPTHAGIRI NPS UNIVERSITY,https://drive.google.com/open?id=1x9-rEz9IsoRqbReFqL5m2sGmyxGx-cj6,614893263448,https://drive.google.com/open?id=1_Fu9b7mnXIo9jvJUPO20mWndJnMrDcY5
9/27/2026 20:33:29,deeksha3384@gmail.com,Sapthagiri NPS University,Code Stack,4,Software & Web Development,Deeksha J,8217663396,deeksha3384@gmail.com,Dhruva S Kumar,9945236080,dhruvaskumar2006@gmail.com,Sapthagiri NPS University,Manjunath S,8861094625,manjunathsuresh009@gmail.com,Sapthagiri NPS University,Druvith Raj Navoor,9353802271,druvithrajnavoor@gmail.com,Sapthagiri NPS University,https://drive.google.com/open?id=1kpGXTlRqnp3Yghkd-5oY7i53UNiiMar1,T2609272030311649829717,https://drive.google.com/open?id=1nnnGUraEjIiukqjGaPZ5x1meulnw7RFt
9/27/2026 20:41:16,sanasada098@gmail.com,Sapthagiri NPS University,CodeStrom,4,Software & Web Development,Gagana B,9538545849,sanasada098@gmail.com,Deeksha VK,8073509573,vkdeeksha501@gmail.com ,Sapthagiri NPS University,Nishanth,8050254857,nishanthnishu2032006@gmail.com,Sapthagiri NPS University,Mannem Nitheesh Reddy,7674916910,nitheeshreddy1510@gmail.com,Sapthagiri NPS University,https://drive.google.com/open?id=1CYC3pC4Z0idtdZpPQDyYbObKTgw4Yscq,T2609272036048519460852,https://drive.google.com/open?id=14C45IKncOCDdQoaEdtgi4n1z5-lKRCvw
9/28/2026 7:34:01,akashr6514@gmail.com,UVCE,Arise,4,Software & Web Development,Akash R,6363092986,akashr6514@gmail.com,Amrutha Varshini,7975676019,amrutha.varshinirash7790@gmail.com,KS Institute of Technology,Pranati Rao D ,9606472152,pranati.rao.d@gmail.com,KS Institute of Technology,Ananya R,6361517103,ananyarameshtm@gmail.com,KS Institute of Technology,https://drive.google.com/open?id=1xVDlBiMCRSseET1r7Vm8qorvUJimqyqJ,yashaswinis2005@ybl,https://drive.google.com/open?id=15HkgB6sy9_ogMyP4p5czqsY5bikBHeBe
9/28/2026 10:54:34,nirikshit2006@gmail.com,GAT,Torque,4,Artificial Intelligence (AI) & Machine Learning (ML),Deeraj ,8861909333,dhirajpawar.a2306@gmail.com,Nirikshit B,9663224441,nirikshit2006@gmail.com,GLOBAL ACADEMY OF TECHNOLOGY ,Jeevan K M ,8970776059,nirikshitb@gmail.com,GLOBAL ACADEMY OF TECHNOLOGY ,Bhuvith T B,8217215509,bhuvithtb@gmail.com,GLOBAL ACADEMY OF TECHNOLOGY ,https://drive.google.com/open?id=1fJ0PgObxODITxCJ524nQuh9GnGmoRoSm,626548920252,https://drive.google.com/open?id=1XXaJUttHPfCiYY4dWtGD2LGGnWs0vO5d
9/28/2026 11:50:28,nithishranjanjumnalmath@gmail.com,Ballari Institute of technology and management,Nexora,4,Software & Web Development,Mallikarjun Alyal ,9036613357,mallikarjunalyal262@gmail.com,Nithish Ranjan Jumnalmath ,9886553434,nithishranjanjumnalmath@gmail.com,Ballari institute of technology and management ,Mohammad Irafnulla,9019317678,mohammedirfanulla76@gmail.com,Ballari institute of technology and management ,Shaik mohammed hameed,9591621944,haameedsm@gmail.com,Ballari institute of technology and management ,https://drive.google.com/open?id=1ut6oJmA_vGVLmssIN-xAjxEqtD0Jdl7b,972349518649,https://drive.google.com/open?id=1pJWtzfoxNpv08MZbu43mvoq5Zc54ofSa
9/28/2026 12:45:08,kulkarnishravani31@gmail.com,Saptagiri NPS University,Tech Titans,4,Artificial Intelligence (AI) & Machine Learning (ML),Shravani Kulkarni ,6366728244,kulkarnishravani31@gmail.com,Shravya V,8618274193,shravyav3112006@gmail.com,Saptagiri NPS University,Shreemata Anant Bhat,9481573247,bhatshreemata@gmail.com,Saptagiri NPS University,Shravya D,7975132935,devarajshravya@gmail.com,Saptagiri NPS University,https://drive.google.com/open?id=1qekd8022iBjoF5EOG-jzRxWVVMudaTDb,T2609281240474508954927,https://drive.google.com/open?id=1d5cC5NRTspIESBu_Vsk6kZ96a6h2Wclu
9/28/2026 12:53:31,skandac2006@gmail.com,K S Institute of  Technology,Hack Hive ,4,Software & Web Development,Skanda C,9380921697,skandac2006@gmail.com,Rithesh S,6360686297,srithesh287@gmail.com,K S Institue of Technology,Varshini B U,7676158607,varshinibu01@gmail.com,K S Institue of Technology,Sakshi Kaladagi,9060437101,kaladagisakshi@gmail.com,K S Institue of Technology,https://drive.google.com/open?id=1aSOZ8zT9hPEpB5JmyJ4QWyPQqS94xkqD,627171618315,https://drive.google.com/open?id=1NtF-ykvHmDpDXCsKS_NVSU047GL2g8-F
9/28/2026 13:30:36,puneet.gangur@gmail.com,SJB Institute of Technology ,TechNova,4,Software & Web Development,Puneet Gangur,7019284304,puneet.gangur@gmail.com,Rivesh Kumar,9162590605,riveshkumar256@gamil.com,SJB Institute of Technology ,Sanchitha S,6360897448,sanchitha652@gmail.com,SJBIT ,Rakshita Alli,7676523087,Rakshitaalli6@gamil.com,SJBIT ,https://drive.google.com/open?id=1E-t0qrHKq-1WvMZNLEjA8DPVjiaqsHDY,011239359317,https://drive.google.com/open?id=1hz0zRauWNCB75EuGfq5690XkRRgk0qXa
9/28/2026 14:02:21,saanika.sid@gmail.com,BGS College Of Engineering And Technology ,Teen Titans ,4,Software & Web Development,Saanika S,9663095577,saanika.sid@gmail.com,Vaibhavi Nagendra ,7619534577,vaibhavingowda2007@gmail.com,BGS College of Engineering and Technology ,Druthi B,7975291248,druthi.b.aradhya@gmail.com,BGS College Of Engineering and Technology ,Harshith Gowda KA ,9663273568,harsha2007yash@gmail.com,BGS College of Engineering and Technology ,https://drive.google.com/open?id=1TpysoUKhyp1ISNd3_GXuETFjHpId4FKH,102995609746,https://drive.google.com/open?id=1LUsEf07XagkWtgDJc0cELaFISYg0g70v
9/28/2026 14:19:32,varunsugandhi0@gmail.com,BGS College of Engineering and Technology,Ctrl + Vibes,4,Software & Web Development,Varun S,8095702700,varunsugandhi0@gmail.com,Abhishek Jain,6362695547,Abhi1912005@gmail.com,BGS College of Engineering and Technology ,Jnanaprakash,9591718371,prakashjnana19@gmail.com,BGS College of Engineering and Technology ,Nithyashree,8762847603,Nithyashreebankeshwar@gmail.com,BGS College of Engineering and Technology ,https://drive.google.com/open?id=1_MK4tCG9OitXlfctsPVINO6qBbL45-0H,374563368761,https://drive.google.com/open?id=1j6iPTAt_1aGMtvfgtYAmroTddM_7vzRf
9/28/2026 15:27:37,vinayrajg81@gmail.com,BGS INSTITUTION OF TECHNOLOGY,Dominator ,4,Software & Web Development,MANYA Y,7204088750,ymanya097@gmail.com,Vinay Raj G ,6364799301,vinayrajg81@gmail.com,B G S Institution of Technology ,Ravindra B B,6360358790,raviravindra1860@gmail.com,B G S Institution of Technology ,Rahul D B Y,6363529347,rahuldby06@gmail.com,B G S Institution of Technology ,https://drive.google.com/open?id=1znI9Ppnh0mPZOgny2zu_1663fg4XV2Cl,045877053239,https://drive.google.com/open?id=1pHlbppw4AlHWGs-8szVYBenWLg6W9QqI
9/28/2026 16:26:14,vinu2006tha.m@gmail.com,BGS Institute of Technology ,Web Nova,4,Software & Web Development,Vinutha M,9108756388,vinu2006tha.m@gmail.com,Chandana MM ,8123026843,chandanamm680@gmail.com,BGS Institute of Technology ,Poorvik Gowda SV ,8296853783,poorvikgowdasvp@gmail.com,BGS Institute of Technology ,Deve Gowda BS,7411241354,devegowdabs77@gmail.com,BGS Institute of Technology ,https://drive.google.com/open?id=1YQIW0pJvM6n-iB6f-1Zc8L_3oiP-l0gz,663704247577,https://drive.google.com/open?id=17CnMllt-q6c_LI4xw3rsDojDKiqSfJu3
9/28/2026 18:02:32,yashusgowda765@gmail.com,Dr ACS college of engineering ,Team JARVIS,4,Software & Web Development,Neha S ,7353445439,yashusgowda765@gmail.com,Sairam S,9901756864,ramsairamshanmuga@gmail.com,Dr.ACS college of engineering ,Pavan M ,7899128827,pavanmgowda2006@gmail.com,Dr ACS college of engineering ,Prabhudev B ,7019361060,prabhudevprabu@gmail.com,Dr ACS college of engineering ,https://drive.google.com/open?id=1BHR8al2BNVgAQHThU_P7fmm_khcECiHK,442306027077,https://drive.google.com/open?id=11mDcyu8fLXGP_drrKfPlK6-ZifvmAMpN
9/28/2026 18:42:38,106harshithaacharya@gmail.com,PES INSTITUTE OF ADVANCED MANAGEMENT STUDIES ,NeuraX,4,Artificial Intelligence (AI) & Machine Learning (ML),Gagan J Sajjan,9113284829,gagansajjan2006@gmail.com,Harshitha N,8296658546,106harshithaacharya@gmail.com,PES INSTITUTE OF ADVANCED MANAGEMENT STUDIES ,Adhira M Nair ,8296867848,adhiramnair2006@gmail.com,PES INSTITUTE OF ADVANCED MANAGEMENT STUDIES ,Bhagyalakshmi ,9844997155,bhagyalakshmi8496.com@gmail.com,PES INSTITUTE OF ADVANCED MANAGEMENT STUDIES ,https://drive.google.com/open?id=1prvvUCfcesf_mnh05kdu9AswOrQIjCD1,T2609281834057459460025,https://drive.google.com/open?id=1-o1zoEDL6uKiC3BfHvHf8SR5MS8UEqCE
9/28/2026 18:56:12,brnanditha19@gmail.com,Ballari Institute of Technology and Management ,Byteforce ,4,Software & Web Development,Sai Meghana R ,9008020835,Saimeghana9008@gmail.com,B R Nanditha ,9110892602,Brnanditha19@gmail.com,Ballari Institute of Technology and Management ,P uday kumar,7019640566,iamudayy1307@gmail.com,Kishkinda university ,Y sandhya,6362495759,Ysandhya200712@gmail.com,Ballari Institute of Technology and Management ,https://drive.google.com/open?id=1gFZ1spGEz1lugxna5r8_5rOkCAgRSd7h,282057204845,https://drive.google.com/open?id=1OyjXIKo-52JY9_jhlNfZON38tw3kgPnH
9/28/2026 19:14:59,jeevanhs96@gmail.com,Sapthagiri NPS university ,Forge,4,Software & Web Development,Jeevan HS ,8050671394,jeevanhs96@gmail.com,Harshith Kumar DH ,7259159706,harshith63633@gmail.com,Sapthagiri NPS university ,Nayana Praveen Goudar ,8073448427,nayanagoudar26@gmail.com,Sapthagiri NPS university ,Deepa Shree N ,6366094475,gowdadeepashree583@gmail.com,Sapthagiri NPS university ,https://drive.google.com/open?id=1r6MeGEEm6i1NHPvM1De07rHVqIogHWO3,627149388544,https://drive.google.com/open?id=1eowSxFj-d3KrhiMVxKwVpVkGvQWGuFf-
9/28/2026 19:16:54,224shashidhar@gmail.com,PES University ,QuantumX,4,Software & Web Development,Ganesh Aroda C,8792885783,gani40008@gmail.com,Guru Aroda C,8050324199,guru671435@gmail.com,New Horizon College of engineering ,Shashidhar G N ,9731066600,224shashidhar@gmail.com,Vemana IT ,Surya prakash V,9916887319,suryaprakash00r@gmail.com,Vemana IT ,https://drive.google.com/open?id=1CQA3NYl-xFcwjnISj_NXhVPGzTRTNiA2,227182271846,https://drive.google.com/open?id=1ptJDsZM0QGRPokp9c1C9f61vglhsSTz6
9/28/2026 19:43:00,rbhagaph@gmail.com,Dayananda Sagar Academy of Technology And Management ,Silicon Sentinels ,3,Software & Web Development,Deekshith Aradhya G,9071715390,deekshitharadhya2005@gmail.com,Bhagath R ,8088898486,rbhagaph@gmail.com,Dayananda Sagar Academy of Technology And Management ,Jayanth Kumar R,7204356490,jjayanthkumar826@gmail.com,Dayananda Sagar Academy of Technology And Management ,,,,,https://drive.google.com/open?id=1IwL3ZbCh00sMeB90dWDzTrHt6rhhrxP_,627151681083,https://drive.google.com/open?id=1FOW8bLHFSZimBkfOXA8TQNsINdieFMVd
9/28/2026 20:08:03,jaswanthnaidu332@gmail.com,PES,Bang bro's ,4,Artificial Intelligence (AI) & Machine Learning (ML),Shubang,6363757393,shubangsrivatsa@gmail.com,Jaswanth VL ,8431591492,jaswanthnaidu332@gmail.com,PES,Nischal ,9741589452,nischaln2703@gmail.com,Dayanand Sagar University ,Pruthvik,9113536298,pruthvikvpragnavi@gmail.com,KSIT,https://drive.google.com/open?id=1A1XyXSDH8jAepWd3tNa3TPob749kiL87,T2609282005034663402963,https://drive.google.com/open?id=1At6PDR2FRSaJhccKNgVSAgRUk722mFYY
9/28/2026 20:53:29,shashank181204@gmail.com,PES University,The Syndicate,4,Software & Web Development,Prasiddhi SN,9606164465,snprasiddhi3@gmail.com,Shashank A,9071079589,shashank.ac.dev@gmail.com,PES University,Vishwesh Biradar,7975080825,vishweshbiradar@gmail.com,PES University,Sandeep V,9353932052,sandeepvenu.g@gmail.com,PES University,https://drive.google.com/open?id=1DF4uET2M0WZPYyjwBH-B_JScu9-fleeC,663700795771,https://drive.google.com/open?id=1f1dkSdsrokhtBb2fe46HogIjq5oZLXt7
9/28/2026 21:08:42,chandanabhat994@gmail.com,PES University,The Last Commit,3,Software & Web Development,Bhargav Hathwar G,8748805508,bhargavhathwar1890@gmail.com,Chandana Bhat,9483956266,chandanabhat994@gmail.com,PES University,Deepashree,9481913605,deepabhogalkar@gmail.com,PES University,,,,,https://drive.google.com/open?id=1BIW7FeQFOVa0w7eGCteHSHT10cxPs5zx,627158169844,https://drive.google.com/open?id=1juIStNPyfzQ7gOIXh5-ISSpMNT4wfrRZ
9/28/2026 21:08:47,sahanahc.25cse@cambridge.edu.in,Cambridge institute of technology banglore ,404Founders,4,Software & Web Development,Sahana HC ,8147863012,sahanahc.25cse@cambridge.edu.in,Pruthvishalini CS,9448354551,pruthvishalinics.25cse@cambridge.edu.in,"Cambridge institute of technology, banglore ",Sanika B A,7483629235,sanikaba.25cse@cambridge.edu.in,"Cambridge institute of technology, banglore ",Sinchana ravi shetty,8660815856,Sinchanaravishetty.25cse@cambridge.edu.in,Cambridge institute of technology banglore ,https://drive.google.com/open?id=10cTaybHjsTN0AxupbywCNzRhnqaaGNo6,579020255327,https://drive.google.com/open?id=1yIISUsZ8mFl67hFRPIUwbNXsE-ZNzFof
9/28/2026 21:24:03,devaharshini31hs@gmail.com,Bangalore institution of technology ,Zero bug,4,Software & Web Development,Bhavana shetty,6363258423,shettybhavana91@gmail.com,Arpita Joshi,9148427498,arpitajoshi720@gmail.com,Bangalore institution of technology ,HS Deva Harshini ,8123437838,devaharshini31hs@gmail.com,Bangalore institution of technology ,Ankita Prabhu,8277022286,prabhuankitha04@gmail.com,Bangalore institution of technology ,https://drive.google.com/open?id=1umW47EiVHt4cP3R-SMGeJPWphSKOVVen,093686404676,https://drive.google.com/open?id=1tmkzIDhddKUn5_O0A7TUy1IDCN6240Tc
9/28/2026 22:06:47,rishabsingh9334@gmail.com,CMR INSTITUTE OF TECHNOLOGY,Trojanova,4,Artificial Intelligence (AI) & Machine Learning (ML),Ashwin Kumar lasune,9110474765,ashwinlasune@gmail.com,Satvik kudagi,9187151768,satvikkudagi2@gmail.com,CMR INSTITUTE OF TECHNOLOGY,RISHABH KUMAR SINGH,6360954959,rishabsingh9334@gmail.com,CMR INSTITUTE OF TECHNOLOGY,DEEPESH GUPTA,7353205575,dg612007@gmail.com,Sambhram Institute of technology,https://drive.google.com/open?id=1m7pJpbtiRrZotVBL8MIwwdo_HzNdio_z,T2609282158372925326370,https://drive.google.com/open?id=1rA_8fPcBIDyU8oAbhwsXBC2NB8V10Q_0
9/28/2026 22:49:21,deepakunchanur87@gmail.com,Global Academy of technology ,Learn new,4,Artificial Intelligence (AI) & Machine Learning (ML),Kavyashree M K ,7483660155,kavyashreemk445@gmail.com,Deepa AnilKumar Kunchanur ,9110431880,deepakunchanur87@gmail.com,Global Academy of technology ,Laxmibai sabanna sunagad,9686702761,sksunagad3@gmail.com,Global Academy of technology ,Inchara A S,9663342072,inchara419as@gmail.com,Global Academy of technology ,https://drive.google.com/open?id=1-ryideI91_ETBF5dyHJnCIpG8l-Yhkrg,T2609282245045818841324,https://drive.google.com/open?id=1YiPV1ZmY_JpSnKXpqInpvwlbTHfZMm8H
9/28/2026 22:56:38,rsricharanrao@gmail.com,Global Academy of Technology ,Tensor Titans,4,Artificial Intelligence (AI) & Machine Learning (ML),R Sri Charan Rao,9741345008,rsricharanrao@gmail.com,Jeevitha L,9353463679,jeevilucky2020@gmail.com,Global Academy of Technology ,Sandesh J ,7892086166,sandeshjk6282@gmail.com,Global Academy of Technology ,P Prithvi Raj Kandan ,9591747936, prithviraj82rt@gmail.com,Global Academy of Technology ,https://drive.google.com/open?id=1TFbbnxCg5zEjHBvM5XP3hsPbnGdiwHjJ,T2609282227139900360625 / 866983953497,https://drive.google.com/open?id=145PD1Wea7LJWiG6VGoKu_4JnPtxaEMOX
9/28/2026 23:11:13,sharath0032@gmail.com,PES University,4Byte,4,Artificial Intelligence (AI) & Machine Learning (ML),Sharath S,7892024569,sharath0032@gmail.com,Pruthvi Prakash B J,7760076510,prakashpruthvi24@gmail.com,PES University,Sanjay M S,8147965235,sanjayms878@gmail.com,PES University,S D Vachan Kariappa,8867317974,sbdilip24@gmail.com,PES University,https://drive.google.com/open?id=1Wx0AuSqFa17InkQnAyto6p3qkxOqXCiA,627142910796,https://drive.google.com/open?id=1918exufoGA8y4rFz3UR3n6OOipfbhqnD
9/29/2026 11:01:33,diya2024ait@gmail.com,Adichunchanagiri Institute of Technology,Scarlet Vision,3,Artificial Intelligence (AI) & Machine Learning (ML),Yashodha KJ,6381658231,yashu22ait@gmail.com,Diya Pradeep,9328652449,diya2024ait@gmail.com,Adichunchanagiri Institute of Technology,Shreyas A,7019953137,shreyasananthamurthy@gmail.com,Adichunchanagiri Institute of Technology,,,,,https://drive.google.com/open?id=1U5Q_9IIEHMH78-Oa1OayL08Cz24zbOkM,240198489108,https://drive.google.com/open?id=1SAH1hxzCHwRba5IJ2ds2NFt8YXtBV6d4
9/29/2026 11:03:29,vivekgowdanh@gmail.com,AIT Chikmagalur ,Scalix AI,4,Artificial Intelligence (AI) & Machine Learning (ML),Vivek Gowda N H ,7892788214,vivekgowdanh@gmail.com,J R Advik Gowda ,8867089261,advikgowda48@gmail.com,Ait Chikmagalur ,Shreenya M G,6363200741,shreenyagowda@gmail.com,Ait Chikmagalur ,Sampada M,7676057339,sampadarathna165@gmail.com,AIT Chikmagalur ,https://drive.google.com/open?id=17SpsdQki6d62UKES8uP5NBpJiQGvmVgY,375558107836,https://drive.google.com/open?id=16dGEIfC-i-NVdgiqCrGFmDZ01anM_Tx6
9/29/2026 11:10:23,ihashir053@gmail.com,Adichunchanagiri Institute of Technology,DYSTIC,4,Software & Web Development,Deepika C R,9663359656,deepsgowda998@gmail.com,Hashir Irfan,7259716766,ihashir053@gmail.com,Adichunchanagiri Institute Of Technology ,Samrudh  GS,7892753017,samrudhgs18@gmail.com,Adichunchanagiri Institute Of Technology ,Bharthi priyaranjan ,7353915933,bharthipriyaranjan95@gmail.com,Adichunchanagiri Institute Of Technology ,https://drive.google.com/open?id=1UqiZQhYin1dGRp78KqEc-3tPjSHQlbf_,130404485604,https://drive.google.com/open?id=1zNFnjKRoVPNEprY2z_4YsDj2zpwEAaMr
9/29/2026 11:23:43,ruthvirgowda@gmail.com,Adichunchanagiri institute of technology ,Spectrum,4,Software & Web Development,Ruthvi R,6361837798,ruthvirgowda@gmail.com,Inchara KC,6360654874,incharakc5@gmail.com,Adichunchanagiri institute of technology ,Preetham SB,8951836556,preethamsb0801@gmail.com,Adichunchanagiri institute of technology ,N pavan Kumar ,7019438072,pavanacharya@gmail.com,Adichunchanagiri institute of technology ,https://drive.google.com/open?id=1POC5MHXnp1DebiIf5TsVXi5K84KfViDn,627239191187,https://drive.google.com/open?id=1-lb2ngHs3UgaWn46gSAeCAUAq7atxw-s
9/29/2026 11:26:38,achkdr07@gmail.com,Adichunchanagiri Institute of technology,Quantz,4,Software & Web Development,Achyuta H Mahaladkar,9380650975,achkdr07@gmail.com,Bharath TJ,6360592938,bharathtj77@gmail.com,Adichunchanagiri Institute of technology,Abhay CV,9353171143,abhaycv143@gmail.com,Adichunchanagiri Institute of technology,Manamohan ST,7676808593,manamohanst@gmail.com,Adichunchanagiri Institute of technology,https://drive.google.com/open?id=1Oi2DVOgMKUJAx3NafrEga8iSb6idZ2_-,130405384963,https://drive.google.com/open?id=1ruGQqVLq_RKvy_EACiWePHFz1oBo-X3p
9/29/2026 11:46:01,rusheel.1908@gmail.com,Vemana IT,Team Alpha,4,Software & Web Development,Rusheel R,9353031695,Rusheel1908@gmail.com,Prajwal P,8088737667,padmakiranprajwal@gmail.com,Vemana IT,Nithila HM,9483346702,nithilahm@gmail.com,Vemana IT,Niriksha Ramanath Naik,6360819411,esportsgallant@gmail.com,Vemana IT,https://drive.google.com/open?id=1DkRZFEdDxRy8bskPPH1gNbPrmqX4cFFy,695786301438,https://drive.google.com/open?id=1frD6pG4r-mof8LkyBvRtIlvv3nlSZUEx
9/29/2026 12:29:52,prajwaltraj213@gmail.com,glalkjf,hiiiiiiiiiiii,2,Artificial Intelligence (AI) & Machine Learning (ML),Prajwal ,7975156216,prajwaltraj213@gmail.com,Prajwaltraj,9999999999,prajwaltraj1ga23ai034@gmail.com,gjaknglkj,,,,,,,,,https://drive.google.com/open?id=1JWF15LoS0ItmhoJrAObfFqVVA3fUr_ba,jliansdfoiasunfdioas;,https://drive.google.com/open?id=1N8WCouTEY7qT9zfQjEVrfain-Hp8TvaW